user_id,user_name,age,gender,nationality,email,phone
1,John Smith,35.0,Male,American,simmonsjennifer@example.net,248.241.2168x408
2,Jane Doe,28.0,Female,Canadian,nsoto@example.org,654-896-1983
3,David Lee,45.0,Male,Korean,davidstephens@example.net,899.496.5370x2363
4,Sarah Johnson,29.0,Female,British,watersalexis@example.org,001-826-212-3209
5,Kim Nguyen,26.0,Female,Vietnamese,pfowler@example.net,(434)511-0640
6,Michael Brown,42.0,Male,American,moorechristopher@example.com,2373485557
7,Emily Davis,33.0,Female,Australian,larrymontgomery@example.org,+1-739-334-9393x04373
8,Lucas Santos,25.0,Male,Brazilian,nrobinson@example.net,001-506-204-6466x4820
9,Laura Janssen,31.0,Female,Dutch,wintersalicia@example.com,+1-326-262-0371
10,Mohammed Ali,39.0,Male,Emirati,judith86@example.net,(395)916-8116x9478
11,Ana Hernandez,27.0,Female,Mexican,thomasdanielle@example.org,001-949-909-5865x247
12,Carlos Garcia,36.0,Male,Spanish,rmanning@example.org,(667)519-8970x85476
13,Lily Wong,29.0,Female,Chinese,foxrobert@example.org,+1-300-294-9078x2824
14,Hans Mueller,48.0,Male,German,leonjoshua@example.net,8012499189
15,Fatima Khouri,26.0,Female,Moroccan,dawsonmichael@example.com,+1-557-345-2203x581
16,James MacKenzie,32.0,Male,Scottish,vroach@example.org,+1-672-946-4380
17,Sarah Johnson,30.0,Female,American,woodssara@example.net,5524209139
18,Michael Chang,28.0,Male,Chinese,thompsonvanessa@example.com,470-561-7249x612
19,Olivia Rodriguez,35.0,Female,British,joshua77@example.net,948.800.8727x38917
20,Kenji Nakamura,45.0,Male,Japanese,jameswebb@example.com,+1-587-504-3629x9213
21,Emily Lee,27.0,Female,American,mitchelldustin@example.com,(410)438-7343
22,James Wilson,32.0,Male,Australian,michael72@example.org,001-791-464-0771
23,Sofia Russo,29.0,Female,Italian,adamwilson@example.com,001-298-277-8811
24,Raj Patel,40.0,Male,Indian,brittanygood@example.org,+1-383-856-7576x674
25,Lily Nguyen,24.0,Female,Vietnamese,ronnie36@example.net,+1-867-907-4110x813
26,David Kim,34.0,Male,Korean,jose47@example.net,985.286.1283x0483
27,Maria Garcia,31.0,Female,Spanish,davispaula@example.org,(428)374-4050x1505
28,Alice Smith,30.0,Female,American,elizabeth24@example.com,+1-818-644-3301x8626
29,Bob Johnson,45.0,Male,Canadian,svaughn@example.net,001-816-627-8788
30,Charlie Lee,25.0,Male,Korean,sean20@example.net,(421)890-2802x98796
31,Emma Davis,28.0,Female,British,thomaschristian@example.net,9867018449
32,Olivia Martin,33.0,Female,Australian,andrewmoore@example.com,7787295139
33,Harry Wilson,20.0,Male,American,ikline@example.org,4895872437
34,Sophia Lee,37.0,Female,Canadian,brianatodd@example.com,(910)788-9307x512
35,James Brown,42.0,Male,British,hwoods@example.com,332-244-3525
36,Mia Johnson,31.0,Female,American,barnettkathleen@example.org,001-471-974-8456x3415
37,William Davis,27.0,Male,Korean,jrodriguez@example.org,225.575.1999
38,Amelia Brown,38.0,Female,Australian,jasminedalton@example.net,(791)310-6708x462
39,Mia Johnson,25.0,Female,American,qweiss@example.com,495-799-7338
40,Adam Lee,33.0,Male,Canadian,cameronwalker@example.org,+1-853-924-5712x7071
41,Sarah Wong,28.0,Female,Chinese,riverashannon@example.com,+1-529-534-8994x9813
42,John Smith,45.0,Male,American,davisgary@example.net,972-959-9107x69182
43,Maria Silva,30.0,Female,Brazilian,johnroberts@example.org,509.267.2106
44,Peter Brown,55.0,Male,British,jonesdaniel@example.com,2789141288
45,Emma Garcia,27.0,Female,Spanish,jacqueline71@example.com,001-353-992-9752x2045
46,Michael Davis,41.0,Male,American,stephanie89@example.net,(310)927-6255
47,Nina Patel,29.0,Female,Indian,lgilbert@example.org,001-841-898-4829x27582
48,Kevin Kim,24.0,Male,Korean,hernandezjames@example.com,+1-306-759-8932x048
49,Laura van den Berg,31.0,Female,Dutch,thompsonchristina@example.net,+1-792-380-0625x094
50,Jennifer Nguyen,31.0,Female,Canadian,steven11@example.net,287.593.2975
51,David Kim,25.0,Male,American,npatterson@example.net,(526)459-3221x2762
52,Rachel Lee,27.0,Female,South Korean,amccarthy@example.net,+1-900-666-9509x8360
53,Jessica Wong,28.0,Female,Canadian,thomas42@example.com,001-663-228-8941
54,Felipe Almeida,30.0,Male,Brazilian,kayladelgado@example.org,4294085139
55,Nisa Patel,23.0,Female,Indian,amber82@example.com,001-242-934-2909
56,Ben Smith,35.0,Male,British,kyle88@example.org,+1-731-919-3769x07055
57,Laura Gomez,29.0,Female,Spanish,fdeleon@example.com,001-535-588-7725x2419
58,Park Min Woo,27.0,Male,South Korean,autumnbarrera@example.net,563.292.5462x467
59,Michael Chen,26.0,Male,Chinese,ericabell@example.com,(405)325-1644x2815
60,Sofia Rossi,33.0,Female,Italian,jennifer65@example.org,220-978-2873x26413
61,Rachel Sanders,35.0,Female,American,thomasduncan@example.net,+1-928-255-3630x23212
62,Kenji Nakamura,28.0,Male,Japanese,nkelly@example.org,387.371.2377x6822
63,Emily Watson,29.0,Female,British,dylan20@example.org,498-380-3337
64,David Lee,43.0,Male,Australian,feliciabradshaw@example.com,+1-709-535-3033
65,Ana Rodriguez,31.0,Female,Spanish,george33@example.net,(603)417-3579
66,Tom Wilson,27.0,Male,American,donnaoconnor@example.com,001-237-389-1588
67,Olivia Green,39.0,Female,French,ruben49@example.net,6914121643
68,James Chen,25.0,Male,American,yhubbard@example.com,630.991.9071x04504
69,Lila Patel,33.0,Female,Indian,patrick20@example.org,971-452-3352
70,Marco Rossi,41.0,Male,Italian,hwilcox@example.org,9077261276
71,Sarah Brown,37.0,Female,British,josephgibson@example.com,+1-749-762-3350x613
72,,,,,tamara21@example.org,790.310.5641
73,Sarah Lee,35.0,Female,South Korean,qjarvis@example.net,001-525-713-7974x400
74,Alex Kim,29.0,Male,American,richardmccullough@example.com,001-498-929-8190x351
75,Maria Hernandez,42.0,Female,Mexican,fanderson@example.org,001-433-217-2540x20099
76,John Smith,46.0,Male,British,msmith@example.com,+1-659-212-4957x446
77,Mark Johnson,31.0,Male,South African,zachary27@example.org,580-629-8200x7493
78,Amanda Chen,25.0,Female,Taiwanese,eric48@example.org,3704011732
79,David Lee,38.0,Male,Australian,damonmiller@example.com,8113550448
80,Nana Kwon,27.0,Female,Korean,gdavidson@example.net,350.509.2273x2526
81,Tom Hanks,60.0,Male,American,moondavid@example.org,(887)873-9865
82,Emma Watson,32.0,Female,British,andersonaaron@example.com,001-425-555-8517x562
83,James Kim,41.0,Male,American,shannoncain@example.net,(332)861-3624x6866
84,John Smith,35.0,Male,American,qharris@example.net,812.746.3799x862
85,Sarah Lee,28.0,Female,Korean,ashleymendoza@example.net,4662060140
86,Maria Garcia,42.0,Female,Spanish,ebernard@example.com,720-743-0879x535
87,David Lee,45.0,Male,Australian,sarah45@example.com,427-269-4061x6574
88,Emily Davis,31.0,Female,American,ofarmer@example.net,(321)636-3659x305
89,James Wilson,29.0,Male,British,stephaniebradley@example.org,001-977-303-7313x73175
90,Fatima Ahmed,24.0,Female,Emirati,suttoncole@example.org,(839)400-8375x7789
91,Liam Nguyen,26.0,Male,Vietnamese,xhoward@example.org,799-408-3378
92,Giulia Rossi,30.0,Female,Italian,amanda24@example.com,(212)304-4470x5902
93,Putra Wijaya,33.0,Male,Indonesian,gateswendy@example.org,(314)458-9280x60591
94,Kim Min-ji,27.0,Female,Korean,courtneyreed@example.org,001-325-312-8791x22811
95,John Smith,35.0,Male,USA,matthew00@example.net,(787)639-0509
96,Emily Johnson,28.0,Female,Canada,scooper@example.com,(490)306-1905x08659
97,David Lee,45.0,Male,South Korea,michaelortiz@example.org,(737)743-6661
98,Sarah Brown,37.0,Female,UK,melaniecombs@example.net,+1-428-477-5100
99,Michael Wong,50.0,Male,China,anthonylinda@example.com,378.441.9729x290
100,Jessica Chen,31.0,Female,Taiwan,kingbenjamin@example.net,552-495-8612x02774
101,Ken Tanaka,42.0,Male,Japan,richardsondavid@example.org,001-575-625-2952x21673
102,Maria Garcia,27.0,Female,Spain,sarahwade@example.net,441.319.0528
103,Rodrigo Oliveira,33.0,Male,Brazil,crossmark@example.com,401-931-1199x930
104,Olivia Kim,29.0,Female,South Korea,markarcher@example.org,(504)480-9587
105,Robert Mueller,41.0,Male,Germany,chrissmith@example.net,9815778153
106,John Smith,35.0,Male,USA,tonyahumphrey@example.net,001-915-418-2887x396
107,Sarah Lee,28.0,Female,South Korea,ellenmooney@example.net,(462)620-4513
108,Michael Wong,42.0,Male,Hong Kong,ptaylor@example.org,371.330.6401x50670
109,Lisa Chen,30.0,Female,Taiwan,sabrinameza@example.org,413-931-5900
110,David Kim,26.0,Male,Canada,ryanallen@example.org,632.574.9588x264
111,Emily Wong,38.0,Female,United Kingdom,qmiddleton@example.com,4509958870
112,Mark Tan,45.0,Male,Singapore,leah90@example.net,001-806-785-4605x15910
113,Emma Lee,31.0,Female,Italy,kathrynrobinson@example.org,(855)583-2088
114,George Chen,27.0,Male,Greece,housecindy@example.org,(374)312-3348
115,Sophia Kim,29.0,Female,United Arab Emirates,swoodward@example.org,564-683-5009x0482
116,Alex Ng,33.0,Male,Cambodia,erica37@example.net,+1-305-949-9239x81947
117,Alice Smith,32.0,Female,American,vhayes@example.com,001-659-675-5533x032
118,Bob Johnson,47.0,Male,Canadian,meganbecker@example.com,718-666-9309x12688
119,Cindy Chen,26.0,Female,Chinese,phopkins@example.net,+1-604-818-9747x665
120,David Lee,38.0,Male,Korean,brittanyholland@example.com,7975173028
121,Emily Kim,29.0,Female,Korean,chelsea09@example.org,(336)692-2656
122,Frank Li,41.0,Male,American,ilewis@example.com,001-658-619-7244x721
123,Gina Lee,35.0,Female,Korean,collinsanthony@example.net,(251)796-2778x16140
124,Henry Kim,24.0,Male,Korean,smithjoshua@example.net,+1-956-972-1992
125,Isabella Chen,30.0,Female,Chinese,melissa52@example.org,001-638-570-1715x5389
126,Jack Smith,28.0,Male,American,aprilmurphy@example.net,(383)909-5408x964
127,Katie Johnson,33.0,Female,Canadian,melindawood@example.org,(649)492-3651x1716
128,John Doe,35.0,Male,American,kristenolson@example.net,(616)327-2227x32755
129,Jane Smith,28.0,Female,British,jesse97@example.net,(641)394-3196x13791
130,Michael Johnson,45.0,Male,South African,priscillasmith@example.com,001-649-534-8169x734
131,Sarah Lee,31.0,Female,Australian,lmaddox@example.org,(582)631-1159
132,David Kim,42.0,Male,Korean,roberthill@example.com,901-948-1672x3316
133,Emily Davis,27.0,Female,American,coxteresa@example.net,001-476-759-1078x390
134,Jose Perez,37.0,Male,Brazilian,sweeneygabriel@example.net,(476)814-5043x19689
135,Emma Wilson,29.0,Female,Canadian,allenpatricia@example.com,(788)954-3436
136,Ryan Chen,34.0,Male,Chinese,elizabethmorales@example.org,(329)985-0014x92790
137,Sofia Rodriguez,25.0,Female,Spanish,alexandrastout@example.org,001-403-813-3305x86974
138,William Brown,39.0,Male,New Zealander,ginajackson@example.com,(234)702-8964x324
